LegacyTypeIdentity	StableFullName	CurrentAssembly	CurrentTypeIdentity	MigrationPolicy
XREngine.Components.Animation.HumanoidComponent, XREngine	XREngine.Components.Animation.HumanoidComponent	XREngine.Runtime.AnimationIntegration	XREngine.Components.Animation.HumanoidComponent, XREngine.Runtime.AnimationIntegration	StableFullNameFallback
XREngine.Components.Animation.TransformParameterDriverComponent, XREngine	XREngine.Components.Animation.TransformParameterDriverComponent	XREngine.Runtime.AnimationIntegration	XREngine.Components.Animation.TransformParameterDriverComponent, XREngine.Runtime.AnimationIntegration	StableFullNameFallback
XREngine.Components.AudioListenerComponent, XREngine	XREngine.Components.AudioListenerComponent	XREngine.Runtime.AudioIntegration	XREngine.Components.AudioListenerComponent, XREngine.Runtime.AudioIntegration	StableFullNameFallback
XREngine.Components.AudioSourceComponent, XREngine	XREngine.Components.AudioSourceComponent	XREngine.Runtime.AudioIntegration	XREngine.Components.AudioSourceComponent, XREngine.Runtime.AudioIntegration	StableFullNameFallback
XREngine.Components.DearImGuiComponent, XREngine	XREngine.Components.DearImGuiComponent	XREngine.Runtime.Rendering	XREngine.Components.DearImGuiComponent, XREngine.Runtime.Rendering	StableFullNameFallback
XREngine.Components.FlyingCameraPawnBaseComponent, XREngine	XREngine.Components.FlyingCameraPawnBaseComponent	XREngine.Runtime.InputIntegration	XREngine.Components.FlyingCameraPawnBaseComponent, XREngine.Runtime.InputIntegration	StableFullNameFallback
XREngine.Components.FlyingCameraPawnComponent, XREngine	XREngine.Components.FlyingCameraPawnComponent	XREngine.Runtime.InputIntegration	XREngine.Components.FlyingCameraPawnComponent, XREngine.Runtime.InputIntegration	StableFullNameFallback
XREngine.Components.UICanvasComponent, XREngine	XREngine.Components.UICanvasComponent	XREngine.Runtime.Rendering	XREngine.Components.UICanvasComponent, XREngine.Runtime.Rendering	StableFullNameFallback
XREngine.Components.UICanvasInputComponent, XREngine	XREngine.Components.UICanvasInputComponent	XREngine.Runtime.InputIntegration	XREngine.Components.UICanvasInputComponent, XREngine.Runtime.InputIntegration	StableFullNameFallback
XREngine.Data.Components.Scene.VRHeadsetComponent, XREngine	XREngine.Data.Components.Scene.VRHeadsetComponent	XREngine.Runtime.InputIntegration	XREngine.Data.Components.Scene.VRHeadsetComponent, XREngine.Runtime.InputIntegration	StableFullNameFallback
XREngine.ModelAssetImporter, XREngine	XREngine.ModelAssetImporter	XREngine.Runtime.ModelAssetPipeline	XREngine.ModelAssetImporter, XREngine.Runtime.ModelAssetPipeline	StableFullNameFallback
XREngine.Rendering.EFontAtlasType, XREngine	XREngine.Rendering.EFontAtlasType	XREngine.Runtime.Rendering	XREngine.Rendering.EFontAtlasType, XREngine.Runtime.Rendering	StableFullNameFallback
XREngine.Rendering.FontGlyphSet, XREngine	XREngine.Rendering.FontGlyphSet	XREngine.Runtime.Rendering	XREngine.Rendering.FontGlyphSet, XREngine.Runtime.Rendering	StableFullNameFallback
XREngine.Rendering.Models.ModelImportOptions, XREngine	XREngine.Rendering.Models.ModelImportOptions	XREngine.Runtime.ModelAssetPipeline	XREngine.Rendering.Models.ModelImportOptions, XREngine.Runtime.ModelAssetPipeline	StableFullNameFallback
XREngine.Rendering.UI.BoolInput, XREngine	XREngine.Rendering.UI.BoolInput	XREngine.Runtime.Rendering	XREngine.Rendering.UI.BoolInput, XREngine.Runtime.Rendering	StableFullNameFallback
XREngine.Rendering.UI.ContextMenuItem, XREngine	XREngine.Rendering.UI.ContextMenuItem	XREngine.Runtime.Rendering	XREngine.Rendering.UI.ContextMenuItem, XREngine.Runtime.Rendering	StableFullNameFallback
XREngine.Rendering.UI.EBatchedTextDebugMode, XREngine	XREngine.Rendering.UI.EBatchedTextDebugMode	XREngine.Runtime.Rendering	XREngine.Rendering.UI.EBatchedTextDebugMode, XREngine.Runtime.Rendering	StableFullNameFallback
XREngine.Rendering.UI.ECanvasDrawSpace, XREngine	XREngine.Rendering.UI.ECanvasDrawSpace	XREngine.Runtime.Rendering	XREngine.Rendering.UI.ECanvasDrawSpace, XREngine.Runtime.Rendering	StableFullNameFallback
XREngine.Rendering.UI.EDropLocationFlags, XREngine	XREngine.Rendering.UI.EDropLocationFlags	XREngine.Runtime.Rendering	XREngine.Rendering.UI.EDropLocationFlags, XREngine.Runtime.Rendering	StableFullNameFallback
XREngine.Rendering.UI.EHorizontalAlignment, XREngine	XREngine.Rendering.UI.EHorizontalAlignment	XREngine.Runtime.Rendering	XREngine.Rendering.UI.EHorizontalAlignment, XREngine.Runtime.Rendering	StableFullNameFallback
XREngine.Rendering.UI.ELayoutPhase, XREngine	XREngine.Rendering.UI.ELayoutPhase	XREngine.Runtime.Rendering	XREngine.Rendering.UI.ELayoutPhase, XREngine.Runtime.Rendering	StableFullNameFallback
XREngine.Rendering.UI.EListAlignment, XREngine	XREngine.Rendering.UI.EListAlignment	XREngine.Runtime.Rendering	XREngine.Rendering.UI.EListAlignment, XREngine.Runtime.Rendering	StableFullNameFallback
XREngine.Rendering.UI.ESizingMode, XREngine	XREngine.Rendering.UI.ESizingMode	XREngine.Runtime.Rendering	XREngine.Rendering.UI.ESizingMode, XREngine.Runtime.Rendering	StableFullNameFallback
XREngine.Rendering.UI.EUIDockStyle, XREngine	XREngine.Rendering.UI.EUIDockStyle	XREngine.Runtime.Rendering	XREngine.Rendering.UI.EUIDockStyle, XREngine.Runtime.Rendering	StableFullNameFallback
XREngine.Rendering.UI.EVerticalAlign, XREngine	XREngine.Rendering.UI.EVerticalAlign	XREngine.Runtime.Rendering	XREngine.Rendering.UI.EVerticalAlign, XREngine.Runtime.Rendering	StableFullNameFallback
XREngine.Rendering.UI.EVerticalAlignment, XREngine	XREngine.Rendering.UI.EVerticalAlignment	XREngine.Runtime.Rendering	XREngine.Rendering.UI.EVerticalAlignment, XREngine.Runtime.Rendering	StableFullNameFallback
XREngine.Rendering.UI.EVisibility, XREngine	XREngine.Rendering.UI.EVisibility	XREngine.Runtime.Rendering	XREngine.Rendering.UI.EVisibility, XREngine.Runtime.Rendering	StableFullNameFallback
XREngine.Rendering.UI.Functions.EditorFunctionGrid, XREngine	XREngine.Rendering.UI.Functions.EditorFunctionGrid	XREngine.Runtime.Rendering	XREngine.Rendering.UI.Functions.EditorFunctionGrid, XREngine.Runtime.Rendering	StableFullNameFallback
XREngine.Rendering.UI.IMenu, XREngine	XREngine.Rendering.UI.IMenu	XREngine.Runtime.Rendering	XREngine.Rendering.UI.IMenu, XREngine.Runtime.Rendering	StableFullNameFallback
XREngine.Rendering.UI.IMenuDivider, XREngine	XREngine.Rendering.UI.IMenuDivider	XREngine.Runtime.Rendering	XREngine.Rendering.UI.IMenuDivider, XREngine.Runtime.Rendering	StableFullNameFallback
XREngine.Rendering.UI.IMenuItem, XREngine	XREngine.Rendering.UI.IMenuItem	XREngine.Runtime.Rendering	XREngine.Rendering.UI.IMenuItem, XREngine.Runtime.Rendering	StableFullNameFallback
XREngine.Rendering.UI.IMenuOption, XREngine	XREngine.Rendering.UI.IMenuOption	XREngine.Runtime.Rendering	XREngine.Rendering.UI.IMenuOption, XREngine.Runtime.Rendering	StableFullNameFallback
XREngine.Rendering.UI.IUICanvasInputSource, XREngine	XREngine.Rendering.UI.IUICanvasInputSource	XREngine.Runtime.Rendering	XREngine.Rendering.UI.IUICanvasInputSource, XREngine.Runtime.Rendering	StableFullNameFallback
XREngine.Rendering.UI.IUIScrollReceiver, XREngine	XREngine.Rendering.UI.IUIScrollReceiver	XREngine.Runtime.Rendering	XREngine.Rendering.UI.IUIScrollReceiver, XREngine.Runtime.Rendering	StableFullNameFallback
XREngine.Rendering.UI.IWebRendererBackend, XREngine	XREngine.Rendering.UI.IWebRendererBackend	XREngine.Runtime.Rendering	XREngine.Rendering.UI.IWebRendererBackend, XREngine.Runtime.Rendering	StableFullNameFallback
XREngine.Rendering.UI.MenuComponent, XREngine	XREngine.Rendering.UI.MenuComponent	XREngine.Runtime.Rendering	XREngine.Rendering.UI.MenuComponent, XREngine.Runtime.Rendering	StableFullNameFallback
XREngine.Rendering.UI.MenuDivider, XREngine	XREngine.Rendering.UI.MenuDivider	XREngine.Runtime.Rendering	XREngine.Rendering.UI.MenuDivider, XREngine.Runtime.Rendering	StableFullNameFallback
XREngine.Rendering.UI.MenuItemComponent, XREngine	XREngine.Rendering.UI.MenuItemComponent	XREngine.Runtime.Rendering	XREngine.Rendering.UI.MenuItemComponent, XREngine.Runtime.Rendering	StableFullNameFallback
XREngine.Rendering.UI.MenuOption, XREngine	XREngine.Rendering.UI.MenuOption	XREngine.Runtime.Rendering	XREngine.Rendering.UI.MenuOption, XREngine.Runtime.Rendering	StableFullNameFallback
XREngine.Rendering.UI.NumberInput, XREngine	XREngine.Rendering.UI.NumberInput	XREngine.Runtime.Rendering	XREngine.Rendering.UI.NumberInput, XREngine.Runtime.Rendering	StableFullNameFallback
XREngine.Rendering.UI.RiveUIComponent, XREngine	XREngine.Rendering.UI.RiveUIComponent	XREngine.Runtime.Rendering	XREngine.Rendering.UI.RiveUIComponent, XREngine.Runtime.Rendering	StableFullNameFallback
XREngine.Rendering.UI.StateMachineInput, XREngine	XREngine.Rendering.UI.StateMachineInput	XREngine.Runtime.Rendering	XREngine.Rendering.UI.StateMachineInput, XREngine.Runtime.Rendering	StableFullNameFallback
XREngine.Rendering.UI.TriggerInput, XREngine	XREngine.Rendering.UI.TriggerInput	XREngine.Runtime.Rendering	XREngine.Rendering.UI.TriggerInput, XREngine.Runtime.Rendering	StableFullNameFallback
XREngine.Rendering.UI.UIBoundableTransform, XREngine	XREngine.Rendering.UI.UIBoundableTransform	XREngine.Runtime.Rendering	XREngine.Rendering.UI.UIBoundableTransform, XREngine.Runtime.Rendering	StableFullNameFallback
XREngine.Rendering.UI.UIButtonComponent, XREngine	XREngine.Rendering.UI.UIButtonComponent	XREngine.Runtime.Rendering	XREngine.Rendering.UI.UIButtonComponent, XREngine.Runtime.Rendering	StableFullNameFallback
XREngine.Rendering.UI.UIByteInputComponent, XREngine	XREngine.Rendering.UI.UIByteInputComponent	XREngine.Runtime.Rendering	XREngine.Rendering.UI.UIByteInputComponent, XREngine.Runtime.Rendering	StableFullNameFallback
XREngine.Rendering.UI.UICanvasTransform, XREngine	XREngine.Rendering.UI.UICanvasTransform	XREngine.Runtime.Rendering	XREngine.Rendering.UI.UICanvasTransform, XREngine.Runtime.Rendering	StableFullNameFallback
XREngine.Rendering.UI.UIChildPlacementInfo, XREngine	XREngine.Rendering.UI.UIChildPlacementInfo	XREngine.Runtime.Rendering	XREngine.Rendering.UI.UIChildPlacementInfo, XREngine.Runtime.Rendering	StableFullNameFallback
XREngine.Rendering.UI.UIComboBoxComponent, XREngine	XREngine.Rendering.UI.UIComboBoxComponent	XREngine.Runtime.Rendering	XREngine.Rendering.UI.UIComboBoxComponent, XREngine.Runtime.Rendering	StableFullNameFallback
XREngine.Rendering.UI.UIComponent, XREngine	XREngine.Rendering.UI.UIComponent	XREngine.Runtime.Rendering	XREngine.Rendering.UI.UIComponent, XREngine.Runtime.Rendering	StableFullNameFallback
XREngine.Rendering.UI.UIContextMenuComponent, XREngine	XREngine.Rendering.UI.UIContextMenuComponent	XREngine.Runtime.Rendering	XREngine.Rendering.UI.UIContextMenuComponent, XREngine.Runtime.Rendering	StableFullNameFallback
XREngine.Rendering.UI.UIDateTimeInputComponent, XREngine	XREngine.Rendering.UI.UIDateTimeInputComponent	XREngine.Runtime.Rendering	XREngine.Rendering.UI.UIDateTimeInputComponent, XREngine.Runtime.Rendering	StableFullNameFallback
XREngine.Rendering.UI.UIDecimalInputComponent, XREngine	XREngine.Rendering.UI.UIDecimalInputComponent	XREngine.Runtime.Rendering	XREngine.Rendering.UI.UIDecimalInputComponent, XREngine.Runtime.Rendering	StableFullNameFallback
XREngine.Rendering.UI.UIDockableTransform, XREngine	XREngine.Rendering.UI.UIDockableTransform	XREngine.Runtime.Rendering	XREngine.Rendering.UI.UIDockableTransform, XREngine.Runtime.Rendering	StableFullNameFallback
XREngine.Rendering.UI.UIDockingPlacementInfo, XREngine	XREngine.Rendering.UI.UIDockingPlacementInfo	XREngine.Runtime.Rendering	XREngine.Rendering.UI.UIDockingPlacementInfo, XREngine.Runtime.Rendering	StableFullNameFallback
XREngine.Rendering.UI.UIDockingRootComponent, XREngine	XREngine.Rendering.UI.UIDockingRootComponent	XREngine.Runtime.Rendering	XREngine.Rendering.UI.UIDockingRootComponent, XREngine.Runtime.Rendering	StableFullNameFallback
XREngine.Rendering.UI.UIDockingRootTransform, XREngine	XREngine.Rendering.UI.UIDockingRootTransform	XREngine.Runtime.Rendering	XREngine.Rendering.UI.UIDockingRootTransform, XREngine.Runtime.Rendering	StableFullNameFallback
XREngine.Rendering.UI.UIDoubleInputComponent, XREngine	XREngine.Rendering.UI.UIDoubleInputComponent	XREngine.Runtime.Rendering	XREngine.Rendering.UI.UIDoubleInputComponent, XREngine.Runtime.Rendering	StableFullNameFallback
XREngine.Rendering.UI.UIDualSplitTransform, XREngine	XREngine.Rendering.UI.UIDualSplitTransform	XREngine.Runtime.Rendering	XREngine.Rendering.UI.UIDualSplitTransform, XREngine.Runtime.Rendering	StableFullNameFallback
XREngine.Rendering.UI.UIFittedTransform, XREngine	XREngine.Rendering.UI.UIFittedTransform	XREngine.Runtime.Rendering	XREngine.Rendering.UI.UIFittedTransform, XREngine.Runtime.Rendering	StableFullNameFallback
XREngine.Rendering.UI.UIFloatInputComponent, XREngine	XREngine.Rendering.UI.UIFloatInputComponent	XREngine.Runtime.Rendering	XREngine.Rendering.UI.UIFloatInputComponent, XREngine.Runtime.Rendering	StableFullNameFallback
XREngine.Rendering.UI.UIGridTransform, XREngine	XREngine.Rendering.UI.UIGridTransform	XREngine.Runtime.Rendering	XREngine.Rendering.UI.UIGridTransform, XREngine.Runtime.Rendering	StableFullNameFallback
XREngine.Rendering.UI.UIInspectorEditorComponent, XREngine	XREngine.Rendering.UI.UIInspectorEditorComponent	XREngine.Runtime.Rendering	XREngine.Rendering.UI.UIInspectorEditorComponent, XREngine.Runtime.Rendering	StableFullNameFallback
XREngine.Rendering.UI.UIIntInputComponent, XREngine	XREngine.Rendering.UI.UIIntInputComponent	XREngine.Runtime.Rendering	XREngine.Rendering.UI.UIIntInputComponent, XREngine.Runtime.Rendering	StableFullNameFallback
XREngine.Rendering.UI.UIInteractableComponent, XREngine	XREngine.Rendering.UI.UIInteractableComponent	XREngine.Runtime.Rendering	XREngine.Rendering.UI.UIInteractableComponent, XREngine.Runtime.Rendering	StableFullNameFallback
XREngine.Rendering.UI.UILayoutSystem, XREngine	XREngine.Rendering.UI.UILayoutSystem	XREngine.Runtime.Rendering	XREngine.Rendering.UI.UILayoutSystem, XREngine.Runtime.Rendering	StableFullNameFallback
XREngine.Rendering.UI.UIListTransform, XREngine	XREngine.Rendering.UI.UIListTransform	XREngine.Runtime.Rendering	XREngine.Rendering.UI.UIListTransform, XREngine.Runtime.Rendering	StableFullNameFallback
XREngine.Rendering.UI.UILongInputComponent, XREngine	XREngine.Rendering.UI.UILongInputComponent	XREngine.Runtime.Rendering	XREngine.Rendering.UI.UILongInputComponent, XREngine.Runtime.Rendering	StableFullNameFallback
XREngine.Rendering.UI.UIMaterialComponent, XREngine	XREngine.Rendering.UI.UIMaterialComponent	XREngine.Runtime.Rendering	XREngine.Rendering.UI.UIMaterialComponent, XREngine.Runtime.Rendering	StableFullNameFallback
XREngine.Rendering.UI.UIMultiSplitTransform, XREngine	XREngine.Rendering.UI.UIMultiSplitTransform	XREngine.Runtime.Rendering	XREngine.Rendering.UI.UIMultiSplitTransform, XREngine.Runtime.Rendering	StableFullNameFallback
XREngine.Rendering.UI.UIPropertyTextDriverComponent, XREngine	XREngine.Rendering.UI.UIPropertyTextDriverComponent	XREngine.Runtime.Rendering	XREngine.Rendering.UI.UIPropertyTextDriverComponent, XREngine.Runtime.Rendering	StableFullNameFallback
XREngine.Rendering.UI.UIRenderableComponent, XREngine	XREngine.Rendering.UI.UIRenderableComponent	XREngine.Runtime.Rendering	XREngine.Rendering.UI.UIRenderableComponent, XREngine.Runtime.Rendering	StableFullNameFallback
XREngine.Rendering.UI.UIRotationTransform, XREngine	XREngine.Rendering.UI.UIRotationTransform	XREngine.Runtime.Rendering	XREngine.Rendering.UI.UIRotationTransform, XREngine.Runtime.Rendering	StableFullNameFallback
XREngine.Rendering.UI.UISByteInputComponent, XREngine	XREngine.Rendering.UI.UISByteInputComponent	XREngine.Runtime.Rendering	XREngine.Rendering.UI.UISByteInputComponent, XREngine.Runtime.Rendering	StableFullNameFallback
XREngine.Rendering.UI.UIScrollableTransform, XREngine	XREngine.Rendering.UI.UIScrollableTransform	XREngine.Runtime.Rendering	XREngine.Rendering.UI.UIScrollableTransform, XREngine.Runtime.Rendering	StableFullNameFallback
XREngine.Rendering.UI.UIShortInputComponent, XREngine	XREngine.Rendering.UI.UIShortInputComponent	XREngine.Runtime.Rendering	XREngine.Rendering.UI.UIShortInputComponent, XREngine.Runtime.Rendering	StableFullNameFallback
XREngine.Rendering.UI.UISizingDefinition, XREngine	XREngine.Rendering.UI.UISizingDefinition	XREngine.Runtime.Rendering	XREngine.Rendering.UI.UISizingDefinition, XREngine.Runtime.Rendering	StableFullNameFallback
XREngine.Rendering.UI.UISizingValue, XREngine	XREngine.Rendering.UI.UISizingValue	XREngine.Runtime.Rendering	XREngine.Rendering.UI.UISizingValue, XREngine.Runtime.Rendering	StableFullNameFallback
XREngine.Rendering.UI.UISplitArrangement, XREngine	XREngine.Rendering.UI.UISplitArrangement	XREngine.Runtime.Rendering	XREngine.Rendering.UI.UISplitArrangement, XREngine.Runtime.Rendering	StableFullNameFallback
XREngine.Rendering.UI.UISvgComponent, XREngine	XREngine.Rendering.UI.UISvgComponent	XREngine.Runtime.Rendering	XREngine.Rendering.UI.UISvgComponent, XREngine.Runtime.Rendering	StableFullNameFallback
XREngine.Rendering.UI.UITabTransform, XREngine	XREngine.Rendering.UI.UITabTransform	XREngine.Runtime.Rendering	XREngine.Rendering.UI.UITabTransform, XREngine.Runtime.Rendering	StableFullNameFallback
XREngine.Rendering.UI.UIText, XREngine	XREngine.Rendering.UI.UIText	XREngine.Runtime.Rendering	XREngine.Rendering.UI.UIText, XREngine.Runtime.Rendering	StableFullNameFallback
XREngine.Rendering.UI.UITextComponent, XREngine	XREngine.Rendering.UI.UITextComponent	XREngine.Runtime.Rendering	XREngine.Rendering.UI.UITextComponent, XREngine.Runtime.Rendering	StableFullNameFallback
XREngine.Rendering.UI.UITextInputComponent, XREngine	XREngine.Rendering.UI.UITextInputComponent	XREngine.Runtime.Rendering	XREngine.Rendering.UI.UITextInputComponent, XREngine.Runtime.Rendering	StableFullNameFallback
XREngine.Rendering.UI.UIToggleComponent, XREngine	XREngine.Rendering.UI.UIToggleComponent	XREngine.Runtime.Rendering	XREngine.Rendering.UI.UIToggleComponent, XREngine.Runtime.Rendering	StableFullNameFallback
XREngine.Rendering.UI.UITransform, XREngine	XREngine.Rendering.UI.UITransform	XREngine.Runtime.Rendering	XREngine.Rendering.UI.UITransform, XREngine.Runtime.Rendering	StableFullNameFallback
XREngine.Rendering.UI.UITreeItemTransform, XREngine	XREngine.Rendering.UI.UITreeItemTransform	XREngine.Runtime.Rendering	XREngine.Rendering.UI.UITreeItemTransform, XREngine.Runtime.Rendering	StableFullNameFallback
XREngine.Rendering.UI.UITreeTransform, XREngine	XREngine.Rendering.UI.UITreeTransform	XREngine.Runtime.Rendering	XREngine.Rendering.UI.UITreeTransform, XREngine.Runtime.Rendering	StableFullNameFallback
XREngine.Rendering.UI.UIUIntInputComponent, XREngine	XREngine.Rendering.UI.UIUIntInputComponent	XREngine.Runtime.Rendering	XREngine.Rendering.UI.UIUIntInputComponent, XREngine.Runtime.Rendering	StableFullNameFallback
XREngine.Rendering.UI.UIULongInputComponent, XREngine	XREngine.Rendering.UI.UIULongInputComponent	XREngine.Runtime.Rendering	XREngine.Rendering.UI.UIULongInputComponent, XREngine.Runtime.Rendering	StableFullNameFallback
XREngine.Rendering.UI.UIUShortInputComponent, XREngine	XREngine.Rendering.UI.UIUShortInputComponent	XREngine.Runtime.Rendering	XREngine.Rendering.UI.UIUShortInputComponent, XREngine.Runtime.Rendering	StableFullNameFallback
XREngine.Rendering.UI.UIVideoComponent, XREngine	XREngine.Rendering.UI.UIVideoComponent	XREngine.Runtime.Rendering	XREngine.Rendering.UI.UIVideoComponent, XREngine.Runtime.Rendering	StableFullNameFallback
XREngine.Rendering.UI.UIViewportComponent, XREngine	XREngine.Rendering.UI.UIViewportComponent	XREngine.Runtime.Rendering	XREngine.Rendering.UI.UIViewportComponent, XREngine.Runtime.Rendering	StableFullNameFallback
XREngine.Rendering.UI.UIWebViewComponent, XREngine	XREngine.Rendering.UI.UIWebViewComponent	XREngine.Runtime.Rendering	XREngine.Rendering.UI.UIWebViewComponent, XREngine.Runtime.Rendering	StableFullNameFallback
XREngine.Rendering.UI.UIWebViewInputComponent, XREngine	XREngine.Rendering.UI.UIWebViewInputComponent	XREngine.Runtime.Rendering	XREngine.Rendering.UI.UIWebViewInputComponent, XREngine.Runtime.Rendering	StableFullNameFallback
XREngine.Rendering.UI.UltralightWebRendererBackend, XREngine	XREngine.Rendering.UI.UltralightWebRendererBackend	XREngine.Runtime.Rendering	XREngine.Rendering.UI.UltralightWebRendererBackend, XREngine.Runtime.Rendering	StableFullNameFallback
XREngine.Rendering.UI.WebFrame, XREngine	XREngine.Rendering.UI.WebFrame	XREngine.Runtime.Rendering	XREngine.Rendering.UI.WebFrame, XREngine.Runtime.Rendering	StableFullNameFallback
XREngine.Rendering.UI.WebMouseButton, XREngine	XREngine.Rendering.UI.WebMouseButton	XREngine.Runtime.Rendering	XREngine.Rendering.UI.WebMouseButton, XREngine.Runtime.Rendering	StableFullNameFallback
XREngine.RootNodeCollection, XREngine	XREngine.RootNodeCollection	XREngine.Runtime.Core	XREngine.RootNodeCollection, XREngine.Runtime.Core	StableFullNameFallback
XREngine.Scene.WorldSettings, XREngine	XREngine.Scene.WorldSettings	XREngine.Runtime.Core	XREngine.Scene.WorldSettings, XREngine.Runtime.Core	StableFullNameFallback
XREngine.Scene.XRScene, XREngine	XREngine.Scene.XRScene	XREngine.Runtime.Core	XREngine.Scene.XRScene, XREngine.Runtime.Core	StableFullNameFallback
XREngine.Scene.XRWorld, XREngine	XREngine.Scene.XRWorld	XREngine.Runtime.Core	XREngine.Scene.XRWorld, XREngine.Runtime.Core	StableFullNameFallback
XREngine.XRWorldObjectBase, XREngine	XREngine.XRWorldObjectBase	XREngine.Runtime.Core	XREngine.XRWorldObjectBase, XREngine.Runtime.Core	StableFullNameFallback
